title,category
공화당 삭감 엄포 속바이든 우크라에 억 달러 추가 군사 지원,World
러 반전 단체 엄마들 뿔났다푸틴 피하지 말고 대화하자 촉구,World
일본이 독일 이긴다카타르 월드컵  판다 예언가 화제,World
글로벌 고난의 긴축 속도 조절 돌입 예고,World
폴란드 패트리엇 지원하는 독일에 우크라에 대신 주자 제의,World
무지개 축구화 독일팀 입 막고 무언의 항의 이유는,World
축구 해설위원 한국우루과이 무승부 예측누리꾼 오늘만은 한국 응원하자,World
크레디트스위스 위기설 돌자슈퍼리치들 서둘러 돈 뺐다,World
애플 공장 레미제라블 시위폭스콘 퇴사하면 만원,World
공항 액체류노트북 꺼내기 점차 사라질 듯 불필요,World
 조롱 독일 뤼디거 원숭이 취급에 발끈한 내로남불 재조명,World
시진핑만 자국 브랜드 차량일본 총리도 서 벤츠 탔다,World
 국가가 재산권 통제 국가화 계획시장으로 간다,World
 랩터 이어 핵추진잠수함 오키나와 기항 공개,World
소련 국민차 모스크비치 부활중국산 랑 똑같아 보인다,World
피라미드 올라가 춤춘 대머리채 잡히고 물벼락,World
왕따인싸 빈 살만 튀르키예 구세주로 억 통화스와프 논의,World
일본도 독일 꺾었는데 중국은 내부서 자조적 비판 목소리,World
확진자 폭발한 조여진 방역에 성난 민심 최고조,World
 정상회의 곳곳서 파열음푸틴 입지도 흔들,World
 정상회의 곳곳서 파열음푸틴 입지도 흔들,World
우리에게 해준 게 뭐야푸틴 아르메니아서 굴욕,World
영문도 몰랐던 기내 액체 반입 금지영국부터 사라진다,World
르포 방역 최적화라 쓰고 봉쇄라 읽는 코로나 정책,World
헤르손 내준 푸틴 전쟁 지면 종말생명 위협 느낄만큼 두려워해,World
기시다 독일전 승리 일본 대표팀에 멋진 승리열도 열광,World
현대차 서 역대 최고 점유율  전망,World
 유세땐 어묵인데대만 선거 후보들 채소 들고 찰칵 왜,World
코로나 규제 없애고 대박난 이곳한국 관광객도 줄지었다,World
같은 행성 맞냐 노마스크 월드컵 본 중국인들 뿔났다,World
애플 주가 어제는 올랐지만 정저우 공장 충격 견딜 수 있을까,World
 우크라 조기 패전 선호 존슨 주장 일축완전 헛소리,World
폭력사태  폭스콘 공장 떠나면 만원 지급,World
추수감사절 앞두고 명 사살 월마트 총기난사 용의자는 매장 매니저,World
공급망 비상 애플 정저우 폭스콘 공장에 직원 파견,World
 방역 고삐 죄면서 경기부양 돈 풀기,World
영국 떠나 독립하려던 스코틀랜드 이번엔 대법원에 막혔다,World
연임 시진핑 사회주의국 정상 연쇄 초청북한은 언제,World
감염자 폭증에 결국 또 봉쇄베이징서 재현된 패닉 바잉,World
폭스콘 시위 벌인 신규 노동자에 즉시 떠나면 만원 줄게,World
푸틴 심각한 타격 생명 위협 느낄정도러시아에 무슨일이,World
신규 감염자 역대 최다 중국 올봄 팬데믹과 다른 점은,World
봉쇄 그만 임금 내놔대규모 시위에  폭스콘 퇴사시 만원 제안,World
정저우공장 시위 얼마나 심각하길래애플도 직원 파견종합,World
 코로나 감염자 년만에 최고방역 고삐 풀렸나,World
푸틴 징집 가족 면담 거부 확산계획된 자리 안 간다,World
 러시아 테러지원국겨울 노린 공습 계속,World
본선은 못 올랐지만 월드컵 실리 챙기기,World
 나발니에 썼던 노비촉처럼러 화학무기 우려,World
위기의 기시다 백지 영수증 문제 인정내년 초 국회 해산 소문도,World
우크라 전황 겨울에 바뀌나러 우크라 인프라 시설 집중 타격,World
러시아 개그맨 장난전화에폴란드 대통령 분초 회담,World
 하루 코로나 감염자 수 만 명 돌파 역대 최대,World
우크라 푸틴 헤르손 철수 후 두려워하고 있다,World
글로벌 경기 엇갈린 전망급격한 침체 없다  역대 위기보다 심각,World
투자의 귀재 버핏이 년째 보유하고 있는 주식은 ,World
독일 우크라의 신속패전 원했다는 존슨 주장 말도 안돼,World
독일에 역전승한 일본 열도 들썩도하의 비극이 기적 됐다,World
중국 확진자 다시 최고  무차별 방역 회귀,World
교황 우크라전은 홀로도모르 러시아 아랑곳없이 미사일 공습,World
교황 우크라전은 홀로도모르 러시아 아랑곳없이 미사일 공습,World
코로나 노숙자 양산하는 중국광저우선 다리 밑 지하도에 살림 차려,World
사우디 터키 중앙은행에 억 달러 예치 협상 중 ,World
미국 반도체업체 엔비디아 홍콩 물류센터 대만으로 이전,World
년 만에 전세계 떠들썩한데나홀로 우울한 중국,World
 세계경제 우려만큼 심각한 침체 겪지 않을 것,World
와이파일 사우디와 일본의 대이변 속 호주의 대패벤투의 선택은,World
 극단적 코로나 봉쇄경제 돌발변수로,World
년뒤 영국 공항부터 액체류 제한노트북 꺼내기 사라질듯,World
러 하루에 미사일 발 퍼부어우크라 전역이 암흑,World
러시아에 이익 안돼  러시아산 원유 상한제 합의 실패,World
년 전 도하의 비극이 기적으로일본 역사적 승리 열광,World
 코로나 회복 불능 시점 도달제로코로나 완화 어려워,World
 코로나 신규 명총 만명명 추가 사망,World
유엔 안보리 러 에너지 테러 규탄푸틴 겨울 무기화종합,World
테슬라 월가 투자의견 상향에  가까이 반등,World
바이든 추수감사절 연휴 가족과 함께대선 재출마 논의할 듯,World
줌인 바이든의 는 중국식 전략맞불 입법 경고한 ,World
 러시아 원유 제재하며 베네수엘라 원유 제재는 푼다,World
방공망 강화 나선 나토 루마니아서 모의 훈련 진행,World
본선은 못 올랐지만 월드컵 실리 챙기기,World
러 발 미사일 공습에 우크라 전 지역 정전 피해,World
지구촌 돋보기 한국 반도체 잡겠다며 토요타소니 뭉쳤다파급력은,World
러 주도 군사협력체 분열음아르메니아 푸틴 면전서 불만 표출,World
 광저우 코로나에 후베이성 출신 농민공들 노숙자 신세 전락,World
전문가 북한 정상각도로  발사해도 놀랄 일 아니다,World
 도발  불안 조성 목적 약속 못 믿게 위협,World
가스프롬 일 오전시부터 우크라 경유 가스관 공급량 축소,World
 폭스콘 근로자 수백명 공안과 충돌아이폰 공급 차질 불가피,World
영상  코로나 재봉쇄경제 행사 줄줄이 연기노동자는 분노 나우어스,World
년전 호수에 풀어준 금붕어  초대형으로 자랐다,World
 겨울전쟁 앞둔 우크라 전폭지원누적 군사지원만 조원대,World
 연준 경기 침체 첫 언급,World
일본 총리도 서 벤츠 탔다한일 정상의 불편한 평행이론,World
중국 결국 지준율 인하이르면 이번주 단행,World
코로나 잡기에 집중했더니홍역 전 세계 유행 가능성에 비상,World
미 연준 금리 인상 속도 좀 늦추자월 빅스텝 예고,World
전차군단 독일 무너뜨린 일본역사적 승리에 들썩이는 열도,World
전술핵 재배치시 한국 쪽에서 한반도 긴장 고조시킬 것언론,World
엔화  금리인상 둔화 관측에 달러엔대 전반 상승 출발,World
 러시아 테러지원국겨울 노린 공습 계속,World
 연준 속도조절 시사하자 주담대 금리 하락세,World
 러 원유가 상한액 합의 일단 실패일 논의 계속,World
젤렌스키 측근 푸틴 헤르손 철수 후 생명위협 느낄만큼 불안,World
러 미사일 발악한 날 우크라에 억달러 추가 군사 지원,World
김여정  실명 거론하며 맹비난  때완 다르다,World
 시진핑 연임 확정과 동시에 시진핑 퇴진 구호가 나왔다,World
 폭스콘 공장 직원들 집단 탈출공안과 충돌로 아수라장,World
년 만에 가장 잔혹한 겨울  추위와 공포 덮친 우크라이나,World
러시아 르노가 철수한 공장에서 구소련 모스코비치  생산,World
러시아 미사일 맹폭에 우크라 블랙아웃 원전 폐쇄 몰도바도 정전,World
매체 네덜란드 주도 대중 압박에 반기 목소리 내는 것보고 배워,World
서역길 만천 중유럽 열차 한해 컨테이너 만개 나른다,World
일본  승리 맞힌 문어 전문가한국우루과이 예측은,World
코로나 잡으려다 홍역 유행 초비상영유아 백신 접종률 최저치,World
직원 탈주 이어 대규모 시위폭스콘 만원 줄테니 떠나라,World
튀르키예 쿠르드 무장세력 목표물 공습 지상군 투입해 소탕작전,World
짐바브웨 중국돈으로 지은 억짜리 국회의사당 문 열어,World
 러시아 원유 가격 상한액 합의 불발입장 차 커,World
러 대대적 공습에 우크라 무기 긴급 지원,World
미 연준 월  의사록서 금리인상 속도 곧 느려질 것,World
자막뉴스 살벌한 암살 무기 우크라 출격 대기러시아 막아야,World
빅터 차  에 확장억제 약속 의심 심으려 해,World
다음 대회서 억원 공제 요구 계산기 두드리는 버드와이저,World
 현대차그룹 올해  시장서 최고의 한해 예약,World
러 우크라에 또 무차별 공습수도전력 공급 중단,World
 세계 경제 예상보단 덜 나쁠 것내년 바닥 찍을 수도,World
얼마나 시위가 심했으면폭스콘 만원 줄게 회사 나가라,World
연준 금리인상 속도 곧 느려질 것내년 경기침체 가능성 제기,World
  의사록서 금리인상 속도조절나스닥 ,World
 의사록 조만간 금리인상 속도 늦추는 것이 적절종합,World
미 러 미사일 막는 대공포 등 억 달러 지원러 난민 무기화,World
미 연준 기준금리 인상속도의 둔화 곧 적절해질 것,World
기막힌 우연사우디 감독 여친  세네갈 감독 부인이였네,World
올라가지 말랬는데 세계 유산 피라미드서 춤 춘 관광객의 최후,World
 제한구역서 무인기 수백 대 탐지악용 우려,World
 연준 금리 인상 속도 늦춰야경기침체 가능성 언급,World
러 대대적 공습 속 첨단 요격미사일 등 우크라 추가 지원,World
한 지붕 두 대통령 베네수엘라 년여만에 협상 재개,World
영하 도 겨울전쟁서 반전 노리는 러우크라 전기 집중 타격,World
러시아군 미사일 발 공습명 사망 곳곳 정전,World
년전 호수에 풀어놨는데 초대형 금붕어로 자랐다,World
전차군단 독일 이긴 일본 한국에 행운의 한 마디,World
 우크라에 드론용 대공포 등 억 달러 규모 추가 군사지원종합,World
뉴욕증시  속도 조절 언급에 상승 마감테슬라  가까이 급등,World
 러시아 테러지원국겨울 노린 공습 계속,World
테슬라 니콜라  전기차 일제종합,World
러 미사일 발 발사우크라 전 지역에서 정전,World
월드컵  상대 역전승 거둔 시부야 메운 열기에 감개무량,World
정저우 공장 노동자 시위에도 애플 상승한 이유는상보,World
러 공습으로 우크라 전역에 전력식수 차단원전 가동도 한시 중단키로,World
연준 금리인상 속도조절 필요달러 강세 미 경제 부담,World
교황 우크라 스탈린이 부른 대기근과 비슷,World
년만의 인플레 속 블프지갑 닫을까 열까 힘들어도 블프,World
빅터차 북 미 확장억제 신뢰성에 의구심 키우려  발사,World
우크라 전체가 불 꺼졌다러시아 또 대규모 미사일 세례,World
빅터차   확장억제에 대한  의구심 키우려  발사,World
월  의사록 공개곧 금리인상 속도조절 무게종합,World
영상 푸틴 만 또 동원령러시아 진짜 여자들의 나라 되나,World
네덜란드도 반기에 반도체 장비 팔겠다,World
뉴욕유가 러 원유 가격상한제 앞두고  하락,World
우크라 킨부른반도 진격 러와 전면전협상 갈림길,World
 러 원유 상한액 배럴당 달러선 합의할 듯,World
러 자랑한 자폭드론 영상에전문가 엉뚱한 표적 때렸네 영상,World
이 크기 실화냐 초대형 금붕어 분 사투끝 잡았다,World
튀르키예 쿠르드 세력 개 목표물 타격지상군도 투입할 것,World
단지별 봉쇄 없다더니 시민들 마트로 다시 돌진베이징 노트,World
겨울인데 눈이 안 오네 알프스 관광산업 붕괴 위기,World
미 우크라에 억달러 추가 군사지원,World
꽁꽁 봉쇄해도 감염자 급증 최악 코로나 상황 맞은 베이징,World
 폭스콘 공장서 대규모 시위 충돌,World
 에브리싱 빈 살만 월드컵 대첩 화끈한 자축,World
러시아 미사일 공습으로 우크라이나 전역에서 정전 발생,World
러 키이우 폭격으로 원전 꺼지고 곳곳 정전혹독한 겨울 예고종합보,World
러 미사일 발 퍼부어우크라 모든 지역 정전 발생종합보,World
 하루 확진 만명 육박 당국 통제 어렵다 이례적 인정,World
폴란드 대통령 마크롱 사칭 러 개그맨 전화에 속아,World
위 굳히는 전기차배터리 과 격차 더 커졌다,World
 전기차 산업 등 샌드위치 신세 에 치이고 에 밀려,World
스코틀랜드 독립투표 대법원서 막혀영국 정부 동의 필요종합,World
러 우크라에 미사일 공습미사일 발 공격 명 사망종합,World
 우크라에 억 추가 군사 지원군사 지원만 총 조원,World
미국 방공미사일 등 우크라이나에 천억원 규모 추가 군사 지원,World
크레디트스위스 위기설에 슈퍼리치도 불안일간 조원 인출,World
미 방공 미사일 등 우크라에 천억 원 규모 추가 군사 지원,World
 우크라에 방공미사일 등 천억원 규모 추가 군사 지원,World
뉴욕증시  의사록 기다리며 상승 출발,World
흑역사의 도시서 도하의 기적 완성  상대로  대역전승,World
우크라 전역에 공습경보에너지 인프라 타격에 정전,World
일본 독일 격파 대이변스페인 골 화력쇼,World
튀르키예 쿠르드 세력 개 목표물 타격지상군도 투입할 것종합,World
사우디 아르헨 잡고 대이변중동이 들썩,World
전쟁 바라지 않아 러 장난전화 속은 폴란드 대통령,World
심상치 않은  코로나 방역 반발광저우이어 정저우에서도 격렬 시위,World
러 미사일 공습에 키이우서 명 사망 단전단수 속출종합,World
영상 이대로라면 우크라 내년 초 승전 전 나토 사령관의 얘기다,World
 인태사령부에 우주군 첫 창설  겨냥,World
유럽연합  협상 진전 없으면 법 만들어 맞대응한국 전기차 더 힘들어 지나,World
마크롱 사칭 전화에 속은 폴란드 대통령 속마음 털어놔,World
우크라 사방에 미사일 날아와사망자와 정전 속출,World
러 옛 르노 공장서 소련 모스크비치 브랜드 생산 재개,World
카타르에서 국적 숨기고 월드컵 보는 이 나라 팬들,World
파우치 알레르기전염병연구소장의 마지막 당부 백신 꼭 맞으세요,World
멈춰 선  베이징우리 기업교민 피해 커질까 우려,World
빈 살만도 가족과 덩실덩실사우디 승리 순간,World
사우디 아르헨 꺾었다기적대이변 열광의 도가니,World
우크라 전역에 공습 경보키이우 하르키우 드니프로 등에 미사일,World
 원숭이두창 대신 두창으로 명칭 바꾼다,World
사우디 아르헨 잡고 대이변중동이 들썩,World
러 우크라 산부인과 병동 폭격 신생아 숨졌다젤렌스키 공포와 살인,World
 노마스크 월드컵에 허탈같은 시대 다른 세상,World
에르도안 시리아 북부 쿠르드 지역 지상침공 다짐,World
푸틴 전쟁터에 만명 더 보내나실행하면 몰락할 수도,World
영상  가데나 공군기지서 대북 위력시위  등 여대 동원,World
못 살겠다 대탈출 폭스콘이젠 집단시위,World
나 마크롱인데개그맨에게 낚인 폴란드 대통령,World
나이지리아 북동부서 첫 석유가스 개발,World
러시아군 헤르손서 철수하며 박물관 소장품  약탈,World
신냉전핵위협인플레전세계 덮친 푸틴발 쇼크,World
튀르키예 국방부 쿠르드 세력 개 목표물 타격,World
이란 시리아서 이스라엘 폭탄 공격에 혁명수비대 대령 사망,World
미 인도태평양사령부에 우주군 부대 창설,World
본선은 못 올랐지만 월드컵 실리 챙기기,World
개최지는 카타르인데월드컵 특수 제대로 누리는 두바이,World
대지진 전조인가불의 고리 잇따라 흔들 이유는,World
 아이폰 공장서 수백명 과격 시위 체불임금보너스 지급 요구,World
중국 아이폰 공장서 노동자경찰 격렬 충돌미지급 임금 달라,World
유럽연합  협상 진전 없으면 법 만들어 맞대응한국 전기차 더 힘들어 지나,World
홍콩 국가대표에 국가 오류 정정 안되면 경기장 떠나라,World
걷잡을 수 없는 확산세  비상 폭스콘 노동자 경찰 대치,World
 한국 반도체 잡겠다며 토요타소니 뭉쳤다파급력은,World
정치생명 끝난 말레이 국부 마하티르 국민 선택 받아들인다,World
만 떨어진 달 궤도에 순찰대 뜬다 우주군 지구달 공간 감시,World
국제왕따서 인싸로 에도 조 보따리 푼 왕세자 존재감 커졌다,World
니킥 부상 당한 사우디 선수에빈 살만 개인 제트기 내줬다,World
홍콩 국가대표에 국가 오류 정정 안되면 경기장 떠나라,World
영상 우크라 최후의 고지 킨부른 거의 탈환크림반도까지 사정권,World
트럼프 악몽같은 날세금내역 공개 거부 법 앞에 안통했다,World
서방 러 원유값 상한선에 합의할 듯,World
년에 한번 돌아오는 특수인데카타르 월드컵 광고주에겐 지뢰밭,World
세계 위 제품 최다 보유국 턱밑까지 따라온 ,World
 베이징상하이 준봉쇄하루 확진 만명 코앞,World
자막뉴스 대 위협 중 개가 있는 곳 인도태평양사령부에 우주군 창설,World
사우디가 아랍에 기쁨 줬다 단교했던 카타르도 축하해,World
어항에는 입장불가  대왕 금붕어 나왔다,World
차 동원령 없다더니러 월에 만명 동원 준비 중 주장 나와,World
 러시아산 원유 배럴당 달러 상한 전망 러 공급 중단,World
식사 한 끼 억원물 한잔 만천원미쳤다 지적받는 영수증 한 장,World
 폭스콘 노동자 임금미지급 항의하며 대규모 시위,World
시뻘건 용암 폭탄러시아 활화산 동시 분화 대폭발 징후 포착,World
봉쇄 또 봉쇄코로나 비상 베이징 고강도 방역 유턴,World
 언론 카타르서 봉변당한 한국 리포터에 응원 봇물프로다웠다,World
러 야당 동원령 종료 공식 확인하는 법령 필요푸틴에 서한,World
 철권에 입 닫는 홍콩 증권가투자정보 불투명성 심화,World
국제적 왕따 빈 살만 월드컵 계기로 국제무대 돌아오나,World
푸틴 내년 월 차 동원령 가능성최대 만명,World
독일 우크라 패배로 인한 전쟁 조기종식 선호했다,World
독일선 월드컵 보이콧 하자 확산성소수자 옹호 완장에 불붙은 인권 논쟁,World
장중머우  창업자 에 나노 건설대만 정부 나노 이하는 국내에,World
 코로나 신규 확진 만명 육박초창기 이후 최악,World
독일 한때 우크라 신속 패배 선호전 총리의 모두까기,World
대만 경제부장 나노 이하 반도체 공정은 대만에 남긴다,World
사우디 빈 살만 왕세자  방문 취소 왜필요성 못 느껴서,World
중국 폭스콘 노동자 임금 지급 요구하며 대규모 시위,World
두바이 카타르 맥주 금지 덕분에 월드컵 특수 톡톡,World
머스크 트위터에 정신 팔렸는데손놓은 거수기 테슬라 이사회,World
푸틴 최대 만명 추가 징집우크라 러 차 동원령 주장,World
홍콩 민주화노래 틀어준 에 감사 글 올린 홍콩인 체포됐다,World
 철거 집행관 앞에 무릎 꿇고 살려달라 애원한 노점상의 사연,World
존슨 독일 한때 전쟁 장기화보다 우크라의 신속한 패배 선호,World
시진핑한테 꾸중 들은 캐나다 총리 해외 경찰서 조사로 맞불,World
 중동서 에너지 전쟁 빈살만 면책특권에  카타르서 초대형  수입,World
우크라  탈환 영하 도 전면전평화협정 갈림길,World
국제적 왕따가 인싸로 돌아왔다존재감 급변한 빈 살만,World
제러미 시겔 내년말  기준금리 로 내려가도 놀라지 않을 것,World
반도체 숨통 조여가는 제재반도체장비 수입규모 ,World
소녀가장 역경 딛고 일어선 한국계  네바다주 대법관에 오르다,World
우크라 헤르손 수복 이래 추가 남하킨부른 반도 탈환 가시권,World
 인태사령부에 우주군부대 첫 창설중국과 러시아 북한 위협 염두,World
 국경 되찾겠다는 우크라러 크름반도 드론 공격받았다,World
정작 겨울전쟁은 푸틴 구하지 못한다러 군대 끝장날 수도,World
러시아 차 동원령 추진내년 월 만 명 징집,World
러 젊은 사라질 판만명 끌고간 지 두달 만에 또 징집설,World
백악관   도발 멈추도록 압박 가하지 않아 비판,World
우크라이나 키이우에 있는 세계유산 페체르스크 수도원 급습,World
침체에 빅테크 때리기 수위 조절  앤트그룹 벌금 부과로 끝낼 듯,World
축구외교 잘 나가는 사우디 아르헨 꺾고 빈 살만 존재감 ,World
월드컵 보니 마스크 쓴 사람이 없네제로코로나 중국인들 분노,World
우크라에 성큼 찾아온 겨울전쟁 최대 변수로 떠올라,World
 기가팩토리 투자 요청에머스크  최우선 후보지 중 하나,World
에 반기든 네덜란드 중국 반도체장비 수출 우리가 결정할 것,World
르포 코로나 비상 베이징아파트 단지 봉쇄식 방역 유턴,World
뉴스외전 포커스 협상 어려울 것이번 겨울 전황이 미래 좌우,World
폴란드 대통령 마크롱 사칭 러 코미디언 전화에 속았다,World
바이든 는 중국식 전략 맹비판  맞불 입법 경고,World
머스크 트위터 정리해고 이제 끝좋은 사람 소개시켜줘,World
사우디 왕세자 방일 취소 이유이틀 전 돌연 갈 필요 없다,World
미국중국 해빙은 아직 관계 개선에 선 그은 미국,World
러 전력망 공격 계속 젤렌스키 겨울 추위도 대량살상무기화,World
 개 첨단기술서 점유율 확대 세계 위 개 그쳐,World
뉴욕 땅값 비싼 명품 쇼핑가홍콩 제치고 위,World
비싸도 너무 비싸인플레에 칠면조 대신 닭 고르는  시민들,World
겨울인데러시아 유럽 가스 공급 또 줄이며 갈등 고조,World
특파원 리포트 세 마하티르 퇴장그리고 이슬람 정당의 직진,World
우크라 킨부른 반도 거의 탈환크림반도 턱밑에 교두보 확보,World
존슨  러 침공 가능성 부정 우크라 조기 패배 선호 폭로,World
슈퍼을  보유국 네덜란드 에 반기에 반도체 장비 팔 것,World
러 내년 월 추가 징집 가능성최대 만 명 규모 차 동원령 추진,World
영상 미국 첫 우주군부대 인태사령부에 들어섰다중러 겨냥,World
폴란드 대통령 굴욕나 마크롱인데 러 코미디언에 낚였다,World
일파만파  사태코인대부업체대형거래소도 파산 위기,World
이란 축구팀 시위대 지지했다 정작 이란 시민 반응 싸늘한 까닭은,World
 원숭이두창 이름서 원숭이 뺀다낙인효과 우려,World
시진핑 다자외교무대서 각본 없는 솔직한 모습으로 강한 인상,World
원숭이두창 두창으로 이름 바꾼다일 발표 전망,World
 의존 탈피해야 반격 능력 보유로 안보전략 큰틀 바꾼다,World
 러시아 원유값 달러 상한 전망러시아 안 팔아,World
이젠 크림반도도 위험하다푸틴 어쩌다 이지경까지 됐나,World
 언론 빈 살만 스스로 방일 필요없다 판단해 취소,World
미 상원의원들 러 함정 공격용 무인기 우크라에 제공해야,World
러 올해 북극해 항로 전체 화물 운송량 천만 전망,World
카타르 월드컵 마스코트도 중국 것 경기장 숙박시설 등 다 중국산,World
줌인 카타르 월드컵 스포트라이트 훔친 빈 살만 사우디 왕세자,World
억 돌려줘뿔난 버드와이저 에 거액 공제 요구,World
마크롱 사칭한 러 코미디언의 전화폴란드 대통령도 당했다,World
 예측불허  억제할 마음도 뚜렷한 수단도 없어로이터,World
벌써 눈영하권 진입한 우크라겨울 추위로 수백만 명 목숨 위험,World
젤렌스키 러 추위를 살상무기로수백만명 생명 위협,World
중국 코로나 발생 이후 가장 심각한 상황봉쇄 영향 상하이 때보다 커,World
반러 인사환자까지 인간방패 쓴 러만명 추가 징병할듯,World
뉴스뉴스 안보리 북 제재 무산김정은 딸 공개 의미는,World
공화당 기존 정치인의 오만이 트럼프 지지 굳힌다 ,World
사우디 왕세자 필요없다 판단 방일 취소중국식 발전노선 지향,World
헤르손서 철수한 러군 박물관 소장품  약탈크름반도로 이전,World
 수출 통제에 서방 동맹과  반도체 기술 격차 커진다,World
 세계경제 전쟁에 둔화 지속인도 덕에 침체는 피해,World
 인태사령부에 우주군 첫 창설  겨냥,World
안보리 빈손 종료에 미국 중국 북한 도발 중단 압박 안한다 맹비난,World
미 연준 인사 가계 저축액 많아서 기준금리 더 높아야,World
영국 철도 노조 연말연시 대규모 파업 예고도 심상치 않아,World
 무엇이 두려운가 이란 핵협상 특별보좌관의 일침 김태욱의 세계터뷰,World
헐값 되려나  러 원유 가격상한 앞두고 구매 보류,World
사우디 전 세계 석유 의존 수십 년 지속 위해 안간힘,World
사우디 왕세자 방일 이틀 전 취소하고 월드컵 개막전 참석 언론,World
최고의 승자 카타르월드컵에 두바이 웃었다,World
 원숭이두창 이름 두창으로 바꾼다,World
세계에서 가장 큰 금붕어년 동안  넘게 자라,World
월드컵 왕따에서 인싸로사우디 왕세자 존재감 확인 무대,World
정치 혼란 더 키운 말레이 조기총선정부 구성 난항,World
푸틴 내년 월 만명 징집차 동원령 준비,World
우크라 러 정교회 전격 수색전쟁에 종교 갈등까지 표면화,World
벌써 영하권으로 떨어진 우크라 겨울전쟁 시작,World
월드컵 인권탄압 이미지 부담과 수익 사이광고주 카타르 딜레마,World
바이낸스 창업자 중동 오일머니 러브콜,World
우크라 최후의 고지 킨부른 진격크름반도 턱밑까지 사정권,World
 러 코미디언에 속은 폴란드 대통령러시아랑 전쟁 싫다,World
  마크롱인줄 알았는데개그맨에 속은 폴란드 대통령,World
자막뉴스  위험한 행동마주한 미중 국방 심상치 않은 기류,World
가장 큰 드론 전쟁터 된 우크라,World
폴란드 대통령도 낚였다마크롱인척 속인 러시아인의 정체,World
흑자 월드컵 년간 딱 한 번최대 돈잔치 카타르는,World
우크라 세계문화유산 수도원 단속 나서자 러시아 강력 반발,World
월가 공포지수 폭락증시 약세장 회귀 가능성,World
우크라 러시아 만 명 규모 차 동원령 추진,World
우크라 최후의 고지 킨부른 진격크림반도 턱밑까지 사정권,World
러 차 동원령 준비설최대 만 명 소집 계획,World
지구촌 돋보기 피로 물든 경기장 비판에도카타르가 월드컵 여는 이유는,World
엉망진창 이란우라늄 농축 확대 꺼내든 이유는,World
위의 반란아르헨 꺾자 빈 살만 사우디 왕세자 덩실덩실,World
겨울추위로 수백만명 목숨 위험우크라 국제사회에 지원 호소,World
중국 코로나 신규 명총 만명나흘 만에 사망 ,World
러 차 동원령 추진차 만명은 전투의지 상실,World
장기전 준비하나 러시아 월 차 징집설 만만명 규모,World
중국 마윈의 앤트그룹에 조억원 벌금 부과,World
영상 사우디 승리 기적에 빈 살만도 덩실덩실공휴일 지정에 오일 세일까지 나우어스,World
우크라에 벌써 눈영하권 추위외투담요 뒤집어쓴채 잔다,World
맨유 호날두와 결별한 날 매각 가능성 시인 팬들 기뻐할 것,World
서방 유가상한제 가시화에러 대유럽 가스 공급 추가 제한 위협,World
 달 기지에서 사용할 급 원자로 개발,World
왜 미국 말 들어야 하냐 에 반도체 장비 팔겠다,World
 세계 위 품목 개로 에 이어 위보다 배 많아,World
러시아 내년 월에 추가 징집 가능성최대 만명,World
마크롱 사칭 전화에 낚인 폴란드 대통령 바이든나토 통화 내용 줄줄줄,World
네덜란드 반도체장비 중국 수출제한 요구에 자체 결정할 것,World
월드컵 사우디에 만원 베팅해 만원 받아갔다,World
이러다 러시아 남자 다 사라질라푸틴 이번엔 또 무슨 짓을,World
징둥 고위직 미안해 임원 급여 깎아 배달원 정규직 대우,World
우승 후보 아르헨 잡았다사우디 공휴일 지정 축포,World
 상원의원들 우크라 살상력 높일 것킬러 드론 보내라,World
 러 원유 가격 상한액 달러 유력 영향은,World
  인플레 완화 위해 연준과 금리 격차 줄여야,World
사우디 아르헨 꺾고 대이변 안정환김성주 월드컵 중계 또 위,World
이란 무인기 대이란 제재에도 부품  미국산 ,World
월드컵 영상 번의 슈팅 모두 골분 만에 메시 격침한 사우디 월드컵 실시간,World
젤렌스키 러시아 올겨울 추위를 대량살상무기로 이용하려 해,World
미국 안보전문가 시진핑 대만 합병 위한 일정표 갖고 있다,World
월드컵 특수 효과도 톡톡두바이 여행객 코로나 이전 수준 회복,World
우크라 러 점령 영토  탈환갈 길 먼 겨울 전투 향방은,World
세계 최고 임대료의 명품 쇼핑가는 홍콩 뉴욕에 자리 내주고 위,World
러 최대 만명 차 동원령 계획 차 만명은 전투의지 상실,World
해리스 바이든 재선 지지 러닝메이트로 함께할 것,World
 이란제 드론 대항할 살상 드론 투입할까,World
바이낸스 창업자  가상자산 붕괴 위기 막으려 오일머니 타진,World
성소수자 배신한 베컴에  코미디언 가짜 돈 분쇄쇼,World
아르헨 잡은 사우디 감독 원래는  감독 될 뻔 의지 상당했다,World
영상 러 차 동원령 통해 최대 만명 징병 추진 계획 나우어스,World
카타르 맥주 금지 덕분 월드컵 최대 특수 누리는 이 도시,World
우크라 정부 인사 러 차 동원령 추진만 명 징병 계획,World
호날두 맨유 떠난다남은 주급 못 받게 돼,World
러시아 차 동원령만명 징병 계획,World
월드리포트 미국 탓 제재 완화 필요 중  러 주장 어디까지 맞나,World
러 차 동원령 추진이번엔 만명 징병 계획,World
뉴스라이더 인도네시아 지진 참사 명 사망교민 안전은,World
도발 다음날  폭격기 보낸  동맹과 훈련 계속할 것,World
민주화 노래 틀어준 한국 고맙다 글 쓴 홍콩 남성 구속,World
속내 들킨 폴란드 대통령 마크롱 사칭전화에 러와 전쟁 원치 않아,World
청년들이 살 케네디세 아닌 살 할아버지 의원에 표를 던진 이유는,World
우크라 국민 수백만 강추위에 생존 기로,World
폴란드 대통령 마크롱 사칭 러시아인에 낚여 전화통화,World
자막뉴스 발칸반도 화약고 일촉즉발제 우크라 사태 초긴장,World
미국 인태사령부에 우주군부대 창설,World
년 전 냉동된 배아 쌍둥이로 태어나세계 최장 기록,World
태평양공군사령부  한반도 재출동해 시행한 훈련 성공적,World
입 놀리던 호날두 잔여연봉 억 못받고 맨유 방출,World
더 적게 더 짧게전력난에 불 끄는 유럽의 크리스마스,World
기후위기현장을 가다 물의 나라 네덜란드의 아이러니가뭄에 지하수 부족,World
 러시아 원유 수입 상한가 달러로 합의 예정,World
가족끼리 얼싸안고 환호 빈 살만이 공개한 승리 순간 사진,World
에어컨 틀면 전투기 소리 만원짜리 카타르 숙소 난민촌 연상,World
젤렌스키 러 겨울추위를 대량살상무기로 쓰려고해,World
원래대로면 년생 년 된 냉동 배아에서 쌍둥이 탄생,World
바이든 학자금대출 상환유예 또 연장대법원 판단 지켜볼 것,World
년만에 은퇴하는 파우치 마지막 말조차 즉시 백신 맞으라,World
우승후보 아르헨 꺾었다 환호 사우디 일 공휴일 선포,World
영상 우크라 헤르손 탈환 여세 몰아 크름반도 수복전 나서나드론 공격 나우어스,World
러시아우크라이나 헤르손미콜라이우 등에서 격전,World
우크라 영하 도 한파 대비 억 달러 추가 재정지원,World
추수감사절 인파에 감염병 종 트리플데믹 우려,World
해설위원 구자철 우루과이전 탈압박과 긴 방향 전환 패스,World
 우크라 그레이이글 지원 결정 안 돼영향 조사해야,World
테슬라  상승니콜라  폭락 전기차 혼조종합,World
 상원의원들 우크라에 킬러 드론 보내라 바이든 정부 압박,World
 유엔대표부 한미훈련  위협 아냐오래된 방어 연습,World
뉴욕마감  상승월 이후 처음으로  돌파,World
 인태사령부에 우주군부대 첫 창설가장 중요한 전구,World
안보리 빈손에  중국 기대 져버려미중 국방 팽팽한 긴장감,World
대법원 하원 세입위에 트럼프 세금 관련 자료접근 허용 판결,World
이란 포르도 핵시설서  농축우라늄 생산강력한 보복 준비,World
우크라전 일 러우크라 격전 지속드론 공격도 이어져,World
한국 에 세계 위 품목 뺏기더니 결국일본에 또 밀렸다 정영효의 일본산업 분석,World
 러시아 원유 가격 상한선 달러 수준 목표,World
우승후보 체면 구긴 아르헨티나 사우디에 역전패,World
흑자 월드컵 지난 년간 딱 한 번역대 최대 돈잔치 카타르 월드컵 결과는 나우어스,World
고려인 세 비탈리 김 미콜라이우 주지사 킨부른반도 거의 탈환드니프로강 동쪽 첫 탈환,World
이란 포르도 핵시설 개량형 원심분리기로  우라늄 농축,World
러시아 미사일 잡는 독일 무기우크라서 체면 살리나영상,World
우크라 살상력 높일 것 가 꽁꽁 숨겨둔 킬러 드론의 정체,World
호날두 맨체스터에서 방출,World
뉴욕유가 사우디 증산설 부인에 거래일만에 상승,World
 번호판 교체 싸고 코소보세르비아 또 충돌 위기,World
디즈니 경영진 반란에 아이거 전  전격 귀환,World
 코로나 재확산   차지하는 지역에 봉쇄통제 영향,World
르포 다시 유령도시 된 베이징 코로나 재확산에 완전 셧다운,World
이란 포르도 핵시설 개량형 원심분리기로  우라늄 농축종합,World
중러 비토권 행사에 안보리   논의 또 빈손,World
  협상 성과 없으면 유럽산 우선 구매법 만들 것,World
특파원 시선 코소보세르비아 갈등서 드러난 의 무능함,World
 에너지식량 사재기 공급망 봉쇄 대비 나섰다,World
대만 결사항전 태세 중국 무력통일 의지시한폭탄 같은 대치,World
 후폭풍 코인 대출업체 제네시스 파산 위기,World
디즈니 구할 세 구원투수 돌아왔다,World
에너지 문어발 중국 카타르서 년간 조원어치  확보,World
 가스값 상한선 유로 설정 추진러는 추가감축 엄포,World
메시의 아르헨 잡았다대이변 사우디 공휴일 선포,World
튀르키예 테러 뿌리 뽑을 것쿠르드 소탕 작전 강행 시사,World
미 상원 양당 의원들 우크라에 첨단 공격 드론 보내라,World
아르헨 꺾을 확률  사우디 승리 월드컵 사상 가장 큰 충격,World
독일 내년 여름 말리서 유엔평화유지군 병력 철수키로,World
 여야 상원의원들 우크라에 킬러 드론 보내라정부 압박,World
미중 국방장관 회담대북제재 이행해야대만문제 개입안돼종합보,World
포착 언더독 사우디가 만든 아랍의 기쁨고개 떨군 메시,World
인니 지진 사망자 명으로 늘어학교 무너지며 아이들 깔렸다,World
 부통령 팔라완 방문에 외교부 타 국가 이익 해치지 마라 경고,World
 초소형 무인 탐사기 달 착륙 실패우주 도전 잇단 고배,World
자동차 번호판이 뭐길래코소보세르비아 위기 고조,World
축구의 신 메시 잡은 사우디 모래 바람,World
블링컨  국무장관 월드컵 무지개 완장 금지 비판,World
우주 장악해야 전쟁 막는다 인태사령부에 우주군사령부 신설,World
러시아 우크라경유 가스공급 축소서유럽행 유일잔존 루트,World
방역 만리장성 무너졌다확진자 폭증에 베이징 사실상 준봉쇄,World
인도네시아 지진 사망자 최소 명 얕은 진원에 파괴력 컸다,World
해리스 방문에 마르코스 미국 없는 필리핀 상상 못해 화답,World
코로나 일일 감염자 명 돌파다시 걸어 잠그는 베이징,World
위기감 부추겨 셀프 혹사머스크 트위터선 안 될걸,World
튀르키예  이스탄불 폭발 배후 조직에 대한 지원 중단하라,World
일 정부 소집 전문가회의 적기지 공격력 필수안보 틀 확 바뀐다,World
메시의 라스트 댄스 출발부터 암초,World
영상 흔들 공포의 비명 인니 지진 순간사망자 계속 증가,World
 세계경제 올해 완만 성장에서 내년엔 성장세 더 위축,World
곤봉수갑에 벽열등도러 철수한 헤르손 고문시설 끔찍,World
 금융당국 앤트그룹에 조원 벌금 부과할 듯,World
 빅테크 해고 인도계 인력에 날벼락 왜,World
개월 견뎌온 우크라 추위와 단전의 개월 겨울 터널 속으로,World
대러 제재 느슨해지자  동맹국에 무역통제 강화 압박 외교,World
중국 앤트그룹에 조억원 벌금 부과할 듯,World
유럽의원들 머리카락에서 살충제 무서운 진실 목수정의 바스티유 광장,World
기록적 폭설 뉴욕서 눈 치우다 명 과로사얼마나 왔길래,World
인니 서자바 지진 사망자 명으로 늘어매몰자 구조에 사력종합,World
스포츠로도 번진 이란 반정부 시위 연대,World
내년 퍼펙트스톰 전 세계 강타 한국 대 저성장 늪 속으로,World
이란 나탄즈에 이어 지하 포르도에서도 순도 우라늄농축 실시중,World
남아공 민주화 투쟁 거물 암살범 년 복역 끝 가석방 논란,World
 전쟁으로 탄력 잃은 세계 경제인플레 잡기가 최우선,World
중국 앤트그룹에 조천억원 벌금 부과하고 단속 끝낼 듯,World
영상 천궁 비호에 반한 사우디방산 조원 오일머니 잭팟 터지나,World
기시다 정치인생 최대 위기고독하고 힘들다 공개 토로 왜,World
밥 아이거 복귀한 디즈니 구독료 내릴까,World
러에 막혀   논의 또 빈손 무기력한 안보리,World
 인태 우주군사령부 창설 미사일방어 전담,World
오리온 우주선 달 표면  근접 비행 성공 뉴스 투데이,World
 이란 당국 붙잡힌 히잡 시위대 남녀 불문 성폭행,World
러시아가 튀르키예에게 과도한 무력 사용 말라 설득,World
이란 포르도 핵시설 개량형 원심분리기로  우라늄 농축,World
중국  년만의 한국영화 서비스 한한령 해제 신호탄 될까,World
뉴스속 용어블랙프라이데이 어떻게 탄생했을까,World
기자의 눈 유권자의 기억력,World
우크라 헤르손 등 주민 대피 조치난방전력식수 부족,World
영상  제로코로나의 참담한 현실무릎꿇리고 싸커킥은 기본,World
테슬라가 어쩌다가달러까지 추락할 수도,World
러 튀르키예 시리아서 과도한 무력 사용 않도록 설득,World
특파원 리포트 반격능력국민이 부담 뜻 모은 전문가집단,World
 붕괴 사태 일파만파미국 코인대부업체 제네시스도 파산 위험,World
저출산에도 인구 안 줄었다고소득 전문직 몰려든 나라,World
카타르  쓸어담는    이번엔 중동서 에너지 전쟁,World
내 사람 무리하게 장관 발탁했다 흔들리는 기시다 조기 개각 검토,World
베이징 하루 신규확진자 역대 최고 명 넘어 봉쇄 지역 확산   ,World
영상 우크라 유로마이단 주년젤렌스키 결국 우리가 승리,World
우크라 러군 측면 찔렀다헤르손 남쪽 킨부른반도 상륙 성공,World
내 지갑외신 기자 카타르 월드컵 생방송 중 가방 털려 당황,World
 당국 부동산 경착륙 막아라은행 돈풀기 강력 주문,World
어차피 우승은 브라질세계 최고  연구소의 예측 확률 보니,World
년전 한국처럼 기적 노리는 일본,World
총통선거 풍향계 대만 일 지방선거타이베이 시장 장제스 증손자 두각,World
인태사령부 우주군사령부 창설 중국 견제 목적,World
사드 보복 년만에 에 한국영화 상영 서비스,World
대만 반도체 아버지 장중머우 미국에 나노칩 공장 건설,World
미국 달 탐사선 오리온 달에 가장 가까이 비행,World
중국 코로나 신규감염 엿새째 만명대사흘새 명 사망종합,World
재주는 카타르가 돈은 왕서방이 월드컵 마스코트 무단 등록 신청 논란,World
우크라의 투항 러시아군 사살 논란 국제법 준수 않으면 후과 직면,World
그래도 믿을 건  증시뿐올해  등에 약 조원 유입,World
월드컵 영상 년 만에 웨일스의 골망을 흔든 선수아버지가 대통령,World
중국 코로나 재확산   차지 지역에 봉쇄통제 영향,World
남중국해 최전선 팔라완섬 간 해리스에 경고장 날렸다,World
한밤중 디즈니 경영진 반란으로 밥 아이거 디즈니 복귀디즈니 주가  껑충,World
웃는남자 시진핑 첫 다자외교서 각국 정상 줄세우며 성공적 출발,World
패러디 한계는잭다니엘완구업체 개싸움 대법원행,World
일본 극우학자가 본 윤 대통령 앞날이 밝지 않다 김종성의 히 스토리,World
 전세계 돌며 대러 제재 강화 압박전쟁 연장 원인 설득,World
최첨단 공정까지 에 넘어가나 나노미터 공정 계획,World
글로벌  대만 국민당 부활 견인장제스 증손자 장완안,World
러시아 부총리 유가상한제 적용 국가에 석유 공급 안 할 것,World
미중 국방장관 회담대북제재 이행해야대만문제 개입안돼종합보,World
대만 국부 장제스 증손자 타이베이 시장되나지지율 위 돌풍,World
년 전 마이단 혁명 소환한 젤렌스키자유 열망으로 고통 인내,World
공포 짙어진  내년 기업 부도율 배 늘 것,World
 머스크의 트위터 대규모 감원이 불가피한 이유,World
취임 하루만에 신임 총무상 또 정치자금 논란,World
월드컵 개최국 카타르 국명 어떤 발음이 정확한가,World
중 억 인구 내년부터 감소부강 달려가다 늙음에 주저앉나,World
중국 카타르와 년간 조 규모  수입 계약,World
우크라 영하 도 혹한에 헤르손 주민 대피령수백만 목숨 위험,World
동유럽 빗장걸자 스페인 몰리는 러시아인작년보다 배,World
주경기장까지 지어 줬는데 대표팀만 못 간 카타르 월드컵,World
필리핀서 중국 견제 나선 해리스 미 부통령흔들림 없는 안보 동맹,World
발칸 앙숙 세르비아코소보 끝없는 충돌 위기번호판 갈등 절충안 합의 무산에 폭력 사태 가나,World
트럼프의 대선 고민은 지지율 상승 디샌티스 수사 압박 특검,World
중국 판다 죽었는데 감히 안 슬퍼해대만 총통에 비난 쏟아진 이유,World
골드만 유럽 년 안에 중국산 배터리 차단 가능,World
골드만삭스  배터리기업 년내  시장  차지할 것,World
글로벌포커스 개국 폭풍외교에 줄줄이 중국는 제자리,World
미 인도태평양사령부 산하에 우주군사령부 창설,World
필리핀 찾은 헤리스 남중국해에서 무력 공격 일어나면,World
대러 제재가 새고 있다 고삐 다시 조인다,World
월드컵 개회식 모건 프리먼과 등장한 장애인 청년은 누구,World
크렘린궁 우크라 정권 교체 특수군사작전 목표 아냐,World
우크라 러시아에 평화협상 대 조건 제시러 수용 가능성 낮아,World
뉴스메이커 달 무인 비행 오리온 달 상공  최근접 비행 성공,World
자막뉴스 미국의 당부에도노골적인 중국의 북한 지키기,World
중러에 막힌 안보리북  대응 무산,World
카타르의 불만 폭주 컨테이너 숙박시설 알고보니 메이드 인 차이나,World
나사 오리온 캡슐 년 만에 달 궤도 도달달 표면에서 ,World
줌인 침체기 부동산 시장에 돈 풀라 은행 압박하는  당국,World
헤르손 철군 결정내린 러 사령관 해명압박 심화또 교체되나,World
영상 홍콩 행정수반 코로나 확진바로 옆 시진핑은,World
베이징 코로나 하루 확진 여명상황 가장 복잡하고 심각,World
나토 방공망 불안감에독일 폴란드에 방공 시스템 지원,World
 뒤덮은  제로코로나 방역 현실우린 다른 세계에 살고 있나,World
기시다 퇴진 압박에 개각 카드 만지작내년 월 정기국회 전 단행할 듯,World
골드만삭스 년내 배터리 사라지고 와 가  차지,World
